bizRuntime27,bizRuntime 1,bizRuntime,bizRuntime2,MANAGEMENT,SOFTWATEDEVELOPER
bizRuntime24,bizRuntime 2,bizRuntime,bizRuntime22,QA     ,SOFTWATEDEVELOPER
bizRuntime5 ,bizRuntime 3,bizRuntime,bizRuntime17,QA     ,Junior 
bizRuntime5 ,bizRuntime 4,bizRuntime,bizRuntime30,HR     ,SOFTWATEDEVELOPER
bizRuntime23,bizRuntime 5,bizRuntime,bizRuntime0,MANAGEMENT,HR     
bizRuntime23,bizRuntime 6,bizRuntime,bizRuntime31,DEV    ,SOFTWATEDEVELOPER
bizRuntime16,bizRuntime 7,bizRuntime,bizRuntime9,MANAGEMENT,SeniorHR
bizRuntime11,bizRuntime 8,bizRuntime,bizRuntime22,MANAGEMENT,QA     
bizRuntime15,bizRuntime 9,bizRuntime,bizRuntime21,MANAGEMENT,QA     
bizRuntime5 ,bizRuntime 10,bizRuntime,bizRuntime5,TESTING,QA     
bizRuntime5 ,bizRuntime 11,bizRuntime,bizRuntime21,TESTING,Junior 
bizRuntime23,bizRuntime 12,bizRuntime,bizRuntime32,DEV    ,SOFTWATEDEVELOPER
bizRuntime16,bizRuntime 13,bizRuntime,bizRuntime28,MANAGEMENT,QA     
bizRuntime16,bizRuntime 14,bizRuntime,bizRuntime1,HR     ,QA     
bizRuntime22,bizRuntime 15,bizRuntime,bizRuntime5,HR     ,SeniorHR
bizRuntime26,bizRuntime 16,bizRuntime,bizRuntime7,DEV    ,SeniorHR
bizRuntime17,bizRuntime 17,bizRuntime,bizRuntime27,TESTING,SeniorHR
bizRuntime1 ,bizRuntime 18,bizRuntime,bizRuntime2,TESTING,SeniorHR
bizRuntime18,bizRuntime 19,bizRuntime,bizRuntime29,HR     ,Junior 
bizRuntime15,bizRuntime 20,bizRuntime,bizRuntime8,HR     ,SeniorHR
bizRuntime31,bizRuntime 21,bizRuntime,bizRuntime6,MANAGEMENT,SeniorHR
bizRuntime29,bizRuntime 22,bizRuntime,bizRuntime6,DEV    ,SeniorHR
bizRuntime18,bizRuntime 23,bizRuntime,bizRuntime32,DEV    ,QA     
bizRuntime0 ,bizRuntime 24,bizRuntime,bizRuntime32,HR     ,QA     
bizRuntime10,bizRuntime 25,bizRuntime,bizRuntime0,TESTING,QA     
bizRuntime13,bizRuntime 26,bizRuntime,bizRuntime26,QA     ,SeniorHR
bizRuntime10,bizRuntime 27,bizRuntime,bizRuntime9,DEV    ,SOFTWATEDEVELOPER
bizRuntime28,bizRuntime 28,bizRuntime,bizRuntime0,TESTING,SeniorHR
bizRuntime3 ,bizRuntime 29,bizRuntime,bizRuntime21,TESTING,SOFTWATEDEVELOPER
bizRuntime8 ,bizRuntime 30,bizRuntime,bizRuntime27,TESTING,HR     
bizRuntime17,bizRuntime 31,bizRuntime,bizRuntime4,MANAGEMENT,Junior 
bizRuntime25,bizRuntime 32,bizRuntime,bizRuntime18,TESTING,SOFTWATEDEVELOPER
bizRuntime25,bizRuntime 33,bizRuntime,bizRuntime8,QA     ,SeniorHR
bizRuntime22,bizRuntime 34,bizRuntime,bizRuntime6,HR     ,Junior 
bizRuntime18,bizRuntime 35,bizRuntime,bizRuntime17,HR     ,SeniorHR
bizRuntime31,bizRuntime 36,bizRuntime,bizRuntime22,TESTING,SeniorHR
bizRuntime19,bizRuntime 37,bizRuntime,bizRuntime28,MANAGEMENT,HR     
bizRuntime15,bizRuntime 38,bizRuntime,bizRuntime16,QA     ,SeniorHR
bizRuntime13,bizRuntime 39,bizRuntime,bizRuntime7,DEV    ,HR     
bizRuntime28,bizRuntime 40,bizRuntime,bizRuntime19,QA     ,SOFTWATEDEVELOPER
bizRuntime25,bizRuntime 41,bizRuntime,bizRuntime20,MANAGEMENT,SOFTWATEDEVELOPER
bizRuntime9 ,bizRuntime 42,bizRuntime,bizRuntime31,QA     ,QA     
bizRuntime17,bizRuntime 43,bizRuntime,bizRuntime11,HR     ,SOFTWATEDEVELOPER
bizRuntime20,bizRuntime 44,bizRuntime,bizRuntime32,TESTING,QA     
bizRuntime19,bizRuntime 45,bizRuntime,bizRuntime13,TESTING,QA     
bizRuntime23,bizRuntime 46,bizRuntime,bizRuntime5,HR     ,HR     
bizRuntime19,bizRuntime 47,bizRuntime,bizRuntime7,HR     ,SeniorHR
bizRuntime28,bizRuntime 48,bizRuntime,bizRuntime27,DEV    ,QA     
bizRuntime29,bizRuntime 49,bizRuntime,bizRuntime14,MANAGEMENT,HR     
bizRuntime27,bizRuntime 50,bizRuntime,bizRuntime30,DEV    ,SOFTWATEDEVELOPER
bizRuntime3 ,bizRuntime 51,bizRuntime,bizRuntime31,MANAGEMENT,Junior 
bizRuntime15,bizRuntime 52,bizRuntime,bizRuntime31,MANAGEMENT,SeniorHR
bizRuntime27,bizRuntime 53,bizRuntime,bizRuntime15,QA     ,SeniorHR
bizRuntime3 ,bizRuntime 54,bizRuntime,bizRuntime23,HR     ,SOFTWATEDEVELOPER
bizRuntime16,bizRuntime 55,bizRuntime,bizRuntime19,HR     ,Junior 
bizRuntime29,bizRuntime 56,bizRuntime,bizRuntime10,HR     ,SOFTWATEDEVELOPER
bizRuntime1 ,bizRuntime 57,bizRuntime,bizRuntime2,MANAGEMENT,Junior 
bizRuntime4 ,bizRuntime 58,bizRuntime,bizRuntime3,HR     ,SOFTWATEDEVELOPER
bizRuntime5 ,bizRuntime 59,bizRuntime,bizRuntime27,MANAGEMENT,SOFTWATEDEVELOPER
bizRuntime10,bizRuntime 60,bizRuntime,bizRuntime0,QA     ,SOFTWATEDEVELOPER
bizRuntime11,bizRuntime 61,bizRuntime,bizRuntime20,QA     ,HR     
bizRuntime4 ,bizRuntime 62,bizRuntime,bizRuntime28,MANAGEMENT,Junior 
bizRuntime13,bizRuntime 63,bizRuntime,bizRuntime7,MANAGEMENT,HR     
bizRuntime30,bizRuntime 64,bizRuntime,bizRuntime4,QA     ,SOFTWATEDEVELOPER
bizRuntime29,bizRuntime 65,bizRuntime,bizRuntime4,HR     ,HR     
bizRuntime3 ,bizRuntime 66,bizRuntime,bizRuntime22,DEV    ,SOFTWATEDEVELOPER
bizRuntime15,bizRuntime 67,bizRuntime,bizRuntime1,DEV    ,HR     
bizRuntime29,bizRuntime 68,bizRuntime,bizRuntime9,DEV    ,SeniorHR
bizRuntime26,bizRuntime 69,bizRuntime,bizRuntime12,QA     ,HR     
bizRuntime23,bizRuntime 70,bizRuntime,bizRuntime21,TESTING,Junior 
bizRuntime6 ,bizRuntime 71,bizRuntime,bizRuntime21,QA     ,QA     
bizRuntime9 ,bizRuntime 72,bizRuntime,bizRuntime24,QA     ,Junior 
bizRuntime4 ,bizRuntime 73,bizRuntime,bizRuntime1,MANAGEMENT,HR     
bizRuntime30,bizRuntime 74,bizRuntime,bizRuntime12,TESTING,SOFTWATEDEVELOPER
bizRuntime10,bizRuntime 75,bizRuntime,bizRuntime28,MANAGEMENT,Junior 
bizRuntime19,bizRuntime 76,bizRuntime,bizRuntime19,DEV    ,Junior 
bizRuntime31,bizRuntime 77,bizRuntime,bizRuntime10,TESTING,SeniorHR
bizRuntime13,bizRuntime 78,bizRuntime,bizRuntime14,HR     ,HR     
bizRuntime18,bizRuntime 79,bizRuntime,bizRuntime29,HR     ,SeniorHR
bizRuntime30,bizRuntime 80,bizRuntime,bizRuntime12,TESTING,SOFTWATEDEVELOPER
bizRuntime10,bizRuntime 81,bizRuntime,bizRuntime7,HR     ,QA     
bizRuntime14,bizRuntime 82,bizRuntime,bizRuntime2,TESTING,SeniorHR
bizRuntime27,bizRuntime 83,bizRuntime,bizRuntime3,MANAGEMENT,QA     
bizRuntime24,bizRuntime 84,bizRuntime,bizRuntime15,QA     ,SOFTWATEDEVELOPER
bizRuntime12,bizRuntime 85,bizRuntime,bizRuntime20,MANAGEMENT,QA     
bizRuntime9 ,bizRuntime 86,bizRuntime,bizRuntime6,QA     ,SOFTWATEDEVELOPER
bizRuntime32,bizRuntime 87,bizRuntime,bizRuntime19,QA     ,Junior 
bizRuntime6 ,bizRuntime 88,bizRuntime,bizRuntime2,QA     ,QA     
bizRuntime13,bizRuntime 89,bizRuntime,bizRuntime6,QA     ,HR     
bizRuntime14,bizRuntime 90,bizRuntime,bizRuntime15,QA     ,QA     
bizRuntime25,bizRuntime 91,bizRuntime,bizRuntime1,QA     ,HR     
bizRuntime15,bizRuntime 92,bizRuntime,bizRuntime7,TESTING,Junior 
bizRuntime9 ,bizRuntime 93,bizRuntime,bizRuntime18,HR     ,HR     
bizRuntime13,bizRuntime 94,bizRuntime,bizRuntime16,TESTING,Junior 
bizRuntime20,bizRuntime 95,bizRuntime,bizRuntime14,MANAGEMENT,QA     
bizRuntime13,bizRuntime 96,bizRuntime,bizRuntime16,DEV    ,SOFTWATEDEVELOPER
bizRuntime12,bizRuntime 97,bizRuntime,bizRuntime0,TESTING,SeniorHR
bizRuntime23,bizRuntime 98,bizRuntime,bizRuntime8,HR     ,QA     
bizRuntime31,bizRuntime 99,bizRuntime,bizRuntime2,HR     ,HR     
bizRuntime16,bizRuntime 100,bizRuntime,bizRuntime10,DEV    ,SOFTWATEDEVELOPER
bizRuntime3 ,bizRuntime 101,bizRuntime,bizRuntime18,QA     ,SOFTWATEDEVELOPER
bizRuntime0 ,bizRuntime 102,bizRuntime,bizRuntime14,TESTING,QA     
bizRuntime25,bizRuntime 103,bizRuntime,bizRuntime21,QA     ,QA     
bizRuntime20,bizRuntime 104,bizRuntime,bizRuntime27,TESTING,HR     
bizRuntime27,bizRuntime 105,bizRuntime,bizRuntime30,MANAGEMENT,SeniorHR
bizRuntime26,bizRuntime 106,bizRuntime,bizRuntime31,DEV    ,Junior 
bizRuntime13,bizRuntime 107,bizRuntime,bizRuntime5,DEV    ,HR     
bizRuntime10,bizRuntime 108,bizRuntime,bizRuntime5,QA     ,HR     
bizRuntime7 ,bizRuntime 109,bizRuntime,bizRuntime2,QA     ,QA     
bizRuntime24,bizRuntime 110,bizRuntime,bizRuntime19,QA     ,QA     
bizRuntime15,bizRuntime 111,bizRuntime,bizRuntime16,QA     ,Junior 
bizRuntime17,bizRuntime 112,bizRuntime,bizRuntime5,DEV    ,Junior 
bizRuntime19,bizRuntime 113,bizRuntime,bizRuntime30,TESTING,SeniorHR
bizRuntime12,bizRuntime 114,bizRuntime,bizRuntime25,MANAGEMENT,Junior 
bizRuntime6 ,bizRuntime 115,bizRuntime,bizRuntime24,DEV    ,QA     
bizRuntime3 ,bizRuntime 116,bizRuntime,bizRuntime7,TESTING,SeniorHR
bizRuntime0 ,bizRuntime 117,bizRuntime,bizRuntime14,QA     ,SeniorHR
bizRuntime2 ,bizRuntime 118,bizRuntime,bizRuntime20,TESTING,HR     
bizRuntime5 ,bizRuntime 119,bizRuntime,bizRuntime32,MANAGEMENT,HR     
bizRuntime5 ,bizRuntime 120,bizRuntime,bizRuntime10,TESTING,HR     
bizRuntime29,bizRuntime 121,bizRuntime,bizRuntime6,QA     ,SeniorHR
bizRuntime25,bizRuntime 122,bizRuntime,bizRuntime1,MANAGEMENT,SeniorHR
bizRuntime4 ,bizRuntime 123,bizRuntime,bizRuntime19,QA     ,QA     
bizRuntime12,bizRuntime 124,bizRuntime,bizRuntime30,MANAGEMENT,HR     
bizRuntime29,bizRuntime 125,bizRuntime,bizRuntime6,HR     ,Junior 
bizRuntime12,bizRuntime 126,bizRuntime,bizRuntime23,HR     ,QA     
bizRuntime13,bizRuntime 127,bizRuntime,bizRuntime5,DEV    ,HR     
bizRuntime26,bizRuntime 128,bizRuntime,bizRuntime20,MANAGEMENT,QA     
bizRuntime8 ,bizRuntime 129,bizRuntime,bizRuntime31,MANAGEMENT,QA     
bizRuntime16,bizRuntime 130,bizRuntime,bizRuntime6,MANAGEMENT,QA     
bizRuntime17,bizRuntime 131,bizRuntime,bizRuntime10,TESTING,SeniorHR
bizRuntime31,bizRuntime 132,bizRuntime,bizRuntime17,MANAGEMENT,HR     
bizRuntime4 ,bizRuntime 133,bizRuntime,bizRuntime24,TESTING,QA     
bizRuntime9 ,bizRuntime 134,bizRuntime,bizRuntime13,MANAGEMENT,Junior 
bizRuntime5 ,bizRuntime 135,bizRuntime,bizRuntime24,HR     ,SOFTWATEDEVELOPER
bizRuntime21,bizRuntime 136,bizRuntime,bizRuntime16,QA     ,SeniorHR
bizRuntime19,bizRuntime 137,bizRuntime,bizRuntime25,QA     ,SeniorHR
bizRuntime0 ,bizRuntime 138,bizRuntime,bizRuntime31,QA     ,SOFTWATEDEVELOPER
bizRuntime12,bizRuntime 139,bizRuntime,bizRuntime1,TESTING,Junior 
bizRuntime9 ,bizRuntime 140,bizRuntime,bizRuntime18,HR     ,QA     
bizRuntime9 ,bizRuntime 141,bizRuntime,bizRuntime4,DEV    ,Junior 
bizRuntime6 ,bizRuntime 142,bizRuntime,bizRuntime0,QA     ,QA     
bizRuntime3 ,bizRuntime 143,bizRuntime,bizRuntime24,QA     ,SOFTWATEDEVELOPER
bizRuntime5 ,bizRuntime 144,bizRuntime,bizRuntime6,DEV    ,Junior 
bizRuntime23,bizRuntime 145,bizRuntime,bizRuntime30,MANAGEMENT,HR     
bizRuntime26,bizRuntime 146,bizRuntime,bizRuntime15,DEV    ,Junior 
bizRuntime0 ,bizRuntime 147,bizRuntime,bizRuntime23,TESTING,HR     
bizRuntime27,bizRuntime 148,bizRuntime,bizRuntime26,MANAGEMENT,SOFTWATEDEVELOPER
bizRuntime23,bizRuntime 149,bizRuntime,bizRuntime4,DEV    ,SeniorHR
bizRuntime8 ,bizRuntime 150,bizRuntime,bizRuntime18,DEV    ,SeniorHR
bizRuntime5 ,bizRuntime 151,bizRuntime,bizRuntime28,DEV    ,HR     
bizRuntime7 ,bizRuntime 152,bizRuntime,bizRuntime31,TESTING,Junior 
bizRuntime24,bizRuntime 153,bizRuntime,bizRuntime17,DEV    ,HR     
bizRuntime21,bizRuntime 154,bizRuntime,bizRuntime26,HR     ,QA     
bizRuntime28,bizRuntime 155,bizRuntime,bizRuntime3,HR     ,SeniorHR
bizRuntime14,bizRuntime 156,bizRuntime,bizRuntime12,HR     ,HR     
bizRuntime27,bizRuntime 157,bizRuntime,bizRuntime3,HR     ,Junior 
bizRuntime28,bizRuntime 158,bizRuntime,bizRuntime25,QA     ,Junior 
bizRuntime19,bizRuntime 159,bizRuntime,bizRuntime10,HR     ,QA     
bizRuntime5 ,bizRuntime 160,bizRuntime,bizRuntime32,MANAGEMENT,Junior 
bizRuntime5 ,bizRuntime 161,bizRuntime,bizRuntime13,TESTING,HR     
bizRuntime14,bizRuntime 162,bizRuntime,bizRuntime17,MANAGEMENT,QA     
bizRuntime2 ,bizRuntime 163,bizRuntime,bizRuntime17,QA     ,Junior 
bizRuntime15,bizRuntime 164,bizRuntime,bizRuntime27,HR     ,SOFTWATEDEVELOPER
bizRuntime27,bizRuntime 165,bizRuntime,bizRuntime0,TESTING,Junior 
bizRuntime29,bizRuntime 166,bizRuntime,bizRuntime17,DEV    ,QA     
bizRuntime24,bizRuntime 167,bizRuntime,bizRuntime6,QA     ,HR     
bizRuntime25,bizRuntime 168,bizRuntime,bizRuntime4,QA     ,QA     
bizRuntime5 ,bizRuntime 169,bizRuntime,bizRuntime0,DEV    ,Junior 
bizRuntime30,bizRuntime 170,bizRuntime,bizRuntime23,MANAGEMENT,HR     
bizRuntime5 ,bizRuntime 171,bizRuntime,bizRuntime4,MANAGEMENT,HR     
bizRuntime3 ,bizRuntime 172,bizRuntime,bizRuntime20,QA     ,SOFTWATEDEVELOPER
bizRuntime5 ,bizRuntime 173,bizRuntime,bizRuntime8,HR     ,Junior 
bizRuntime18,bizRuntime 174,bizRuntime,bizRuntime27,HR     ,SOFTWATEDEVELOPER
bizRuntime2 ,bizRuntime 175,bizRuntime,bizRuntime16,TESTING,HR     
bizRuntime24,bizRuntime 176,bizRuntime,bizRuntime20,HR     ,QA     
bizRuntime28,bizRuntime 177,bizRuntime,bizRuntime25,MANAGEMENT,SeniorHR
bizRuntime16,bizRuntime 178,bizRuntime,bizRuntime4,MANAGEMENT,Junior 
bizRuntime4 ,bizRuntime 179,bizRuntime,bizRuntime3,MANAGEMENT,SOFTWATEDEVELOPER
bizRuntime19,bizRuntime 180,bizRuntime,bizRuntime0,MANAGEMENT,Junior 
bizRuntime17,bizRuntime 181,bizRuntime,bizRuntime0,HR     ,SeniorHR
bizRuntime0 ,bizRuntime 182,bizRuntime,bizRuntime16,DEV    ,HR     
bizRuntime28,bizRuntime 183,bizRuntime,bizRuntime23,MANAGEMENT,SeniorHR
bizRuntime4 ,bizRuntime 184,bizRuntime,bizRuntime20,TESTING,SeniorHR
bizRuntime0 ,bizRuntime 185,bizRuntime,bizRuntime0,TESTING,HR     
bizRuntime20,bizRuntime 186,bizRuntime,bizRuntime6,DEV    ,Junior 
bizRuntime12,bizRuntime 187,bizRuntime,bizRuntime32,HR     ,SeniorHR
bizRuntime28,bizRuntime 188,bizRuntime,bizRuntime12,HR     ,Junior 
bizRuntime21,bizRuntime 189,bizRuntime,bizRuntime14,QA     ,SOFTWATEDEVELOPER
bizRuntime15,bizRuntime 190,bizRuntime,bizRuntime20,MANAGEMENT,HR     
bizRuntime14,bizRuntime 191,bizRuntime,bizRuntime21,TESTING,QA     
bizRuntime7 ,bizRuntime 192,bizRuntime,bizRuntime15,MANAGEMENT,SeniorHR
bizRuntime17,bizRuntime 193,bizRuntime,bizRuntime12,QA     ,SeniorHR
bizRuntime18,bizRuntime 194,bizRuntime,bizRuntime16,TESTING,HR     
bizRuntime25,bizRuntime 195,bizRuntime,bizRuntime3,HR     ,Junior 
bizRuntime16,bizRuntime 196,bizRuntime,bizRuntime28,TESTING,SeniorHR
bizRuntime21,bizRuntime 197,bizRuntime,bizRuntime27,QA     ,SOFTWATEDEVELOPER
bizRuntime30,bizRuntime 198,bizRuntime,bizRuntime28,HR     ,HR     
bizRuntime2 ,bizRuntime 199,bizRuntime,bizRuntime3,MANAGEMENT,QA     
bizRuntime20,bizRuntime 200,bizRuntime,bizRuntime14,MANAGEMENT,QA     
