Google14    ,Google 1,Google ,Google26,MANAGEMENT,SeniorHR
Google25    ,Google 2,Google ,Google12,DEV    ,SOFTWATEDEVELOPER
Google23    ,Google 3,Google ,Google10,TESTING,Junior 
Google12    ,Google 4,Google ,Google6,TESTING,QA     
Google6     ,Google 5,Google ,Google2,DEV    ,HR     
Google19    ,Google 6,Google ,Google20,MANAGEMENT,SOFTWATEDEVELOPER
Google24    ,Google 7,Google ,Google7,HR     ,HR     
Google12    ,Google 8,Google ,Google7,TESTING,Junior 
Google32    ,Google 9,Google ,Google21,DEV    ,Junior 
Google30    ,Google 10,Google ,Google12,TESTING,QA     
Google9     ,Google 11,Google ,Google29,MANAGEMENT,SOFTWATEDEVELOPER
Google16    ,Google 12,Google ,Google1,HR     ,SOFTWATEDEVELOPER
Google7     ,Google 13,Google ,Google16,MANAGEMENT,SOFTWATEDEVELOPER
Google14    ,Google 14,Google ,Google11,DEV    ,QA     
Google31    ,Google 15,Google ,Google8,QA     ,SeniorHR
Google7     ,Google 16,Google ,Google2,DEV    ,SeniorHR
Google25    ,Google 17,Google ,Google14,HR     ,SOFTWATEDEVELOPER
Google28    ,Google 18,Google ,Google10,MANAGEMENT,QA     
Google16    ,Google 19,Google ,Google11,HR     ,SOFTWATEDEVELOPER
Google25    ,Google 20,Google ,Google5,HR     ,SOFTWATEDEVELOPER
Google6     ,Google 21,Google ,Google12,HR     ,QA     
Google10    ,Google 22,Google ,Google28,QA     ,SOFTWATEDEVELOPER
Google11    ,Google 23,Google ,Google17,HR     ,SOFTWATEDEVELOPER
Google19    ,Google 24,Google ,Google0,QA     ,HR     
Google16    ,Google 25,Google ,Google11,MANAGEMENT,Junior 
Google0     ,Google 26,Google ,Google10,MANAGEMENT,QA     
Google20    ,Google 27,Google ,Google2,DEV    ,Junior 
Google8     ,Google 28,Google ,Google19,HR     ,QA     
Google5     ,Google 29,Google ,Google3,DEV    ,QA     
Google2     ,Google 30,Google ,Google17,HR     ,QA     
Google26    ,Google 31,Google ,Google13,DEV    ,HR     
Google5     ,Google 32,Google ,Google6,DEV    ,SeniorHR
Google19    ,Google 33,Google ,Google28,DEV    ,SeniorHR
Google8     ,Google 34,Google ,Google1,QA     ,QA     
Google15    ,Google 35,Google ,Google3,DEV    ,HR     
Google20    ,Google 36,Google ,Google17,DEV    ,SOFTWATEDEVELOPER
Google15    ,Google 37,Google ,Google11,TESTING,SeniorHR
Google21    ,Google 38,Google ,Google30,HR     ,QA     
Google4     ,Google 39,Google ,Google0,DEV    ,SOFTWATEDEVELOPER
Google31    ,Google 40,Google ,Google18,QA     ,SeniorHR
Google27    ,Google 41,Google ,Google24,TESTING,SeniorHR
Google12    ,Google 42,Google ,Google20,TESTING,Junior 
Google13    ,Google 43,Google ,Google16,DEV    ,QA     
Google9     ,Google 44,Google ,Google30,DEV    ,HR     
Google1     ,Google 45,Google ,Google20,MANAGEMENT,QA     
Google23    ,Google 46,Google ,Google23,MANAGEMENT,SOFTWATEDEVELOPER
Google23    ,Google 47,Google ,Google8,DEV    ,HR     
Google25    ,Google 48,Google ,Google2,MANAGEMENT,QA     
Google11    ,Google 49,Google ,Google27,TESTING,QA     
Google0     ,Google 50,Google ,Google31,DEV    ,QA     
Google26    ,Google 51,Google ,Google12,HR     ,Junior 
Google18    ,Google 52,Google ,Google5,QA     ,HR     
Google24    ,Google 53,Google ,Google32,TESTING,HR     
Google22    ,Google 54,Google ,Google31,QA     ,Junior 
Google30    ,Google 55,Google ,Google28,QA     ,Junior 
Google10    ,Google 56,Google ,Google10,DEV    ,HR     
Google18    ,Google 57,Google ,Google14,QA     ,SeniorHR
Google16    ,Google 58,Google ,Google12,DEV    ,Junior 
Google8     ,Google 59,Google ,Google1,HR     ,HR     
Google21    ,Google 60,Google ,Google21,HR     ,SeniorHR
Google18    ,Google 61,Google ,Google2,TESTING,QA     
Google16    ,Google 62,Google ,Google19,DEV    ,SeniorHR
Google3     ,Google 63,Google ,Google10,MANAGEMENT,Junior 
Google8     ,Google 64,Google ,Google7,TESTING,SeniorHR
Google1     ,Google 65,Google ,Google24,QA     ,Junior 
Google18    ,Google 66,Google ,Google8,QA     ,HR     
Google23    ,Google 67,Google ,Google16,HR     ,SOFTWATEDEVELOPER
Google30    ,Google 68,Google ,Google12,TESTING,HR     
Google24    ,Google 69,Google ,Google5,TESTING,HR     
Google27    ,Google 70,Google ,Google17,MANAGEMENT,QA     
Google7     ,Google 71,Google ,Google6,DEV    ,Junior 
Google12    ,Google 72,Google ,Google2,QA     ,Junior 
Google16    ,Google 73,Google ,Google17,DEV    ,QA     
Google1     ,Google 74,Google ,Google0,MANAGEMENT,HR     
Google12    ,Google 75,Google ,Google3,HR     ,QA     
Google16    ,Google 76,Google ,Google19,TESTING,SOFTWATEDEVELOPER
Google28    ,Google 77,Google ,Google23,TESTING,Junior 
Google22    ,Google 78,Google ,Google9,QA     ,SeniorHR
Google29    ,Google 79,Google ,Google20,MANAGEMENT,HR     
Google30    ,Google 80,Google ,Google17,MANAGEMENT,SOFTWATEDEVELOPER
Google23    ,Google 81,Google ,Google1,HR     ,HR     
Google3     ,Google 82,Google ,Google18,DEV    ,SOFTWATEDEVELOPER
Google5     ,Google 83,Google ,Google8,MANAGEMENT,SOFTWATEDEVELOPER
Google14    ,Google 84,Google ,Google28,TESTING,SOFTWATEDEVELOPER
Google23    ,Google 85,Google ,Google19,DEV    ,SOFTWATEDEVELOPER
Google21    ,Google 86,Google ,Google22,DEV    ,HR     
Google30    ,Google 87,Google ,Google25,HR     ,SeniorHR
Google4     ,Google 88,Google ,Google20,DEV    ,QA     
Google4     ,Google 89,Google ,Google14,DEV    ,SeniorHR
Google15    ,Google 90,Google ,Google2,QA     ,HR     
Google15    ,Google 91,Google ,Google22,MANAGEMENT,SeniorHR
Google13    ,Google 92,Google ,Google29,HR     ,Junior 
Google4     ,Google 93,Google ,Google9,QA     ,HR     
Google6     ,Google 94,Google ,Google9,MANAGEMENT,Junior 
Google23    ,Google 95,Google ,Google30,TESTING,HR     
Google17    ,Google 96,Google ,Google26,QA     ,SeniorHR
Google28    ,Google 97,Google ,Google1,TESTING,QA     
Google18    ,Google 98,Google ,Google1,HR     ,SOFTWATEDEVELOPER
Google32    ,Google 99,Google ,Google0,DEV    ,QA     
Google24    ,Google 100,Google ,Google30,MANAGEMENT,Junior 
Google23    ,Google 101,Google ,Google32,DEV    ,QA     
Google31    ,Google 102,Google ,Google2,QA     ,QA     
Google15    ,Google 103,Google ,Google8,QA     ,SeniorHR
Google20    ,Google 104,Google ,Google9,QA     ,SOFTWATEDEVELOPER
Google2     ,Google 105,Google ,Google11,TESTING,HR     
Google9     ,Google 106,Google ,Google2,TESTING,Junior 
Google3     ,Google 107,Google ,Google0,DEV    ,Junior 
Google2     ,Google 108,Google ,Google0,DEV    ,SOFTWATEDEVELOPER
Google3     ,Google 109,Google ,Google14,QA     ,SeniorHR
Google17    ,Google 110,Google ,Google25,QA     ,SOFTWATEDEVELOPER
Google13    ,Google 111,Google ,Google25,TESTING,HR     
Google10    ,Google 112,Google ,Google20,HR     ,SOFTWATEDEVELOPER
Google8     ,Google 113,Google ,Google18,MANAGEMENT,HR     
Google11    ,Google 114,Google ,Google14,QA     ,SOFTWATEDEVELOPER
Google18    ,Google 115,Google ,Google6,QA     ,QA     
Google24    ,Google 116,Google ,Google14,QA     ,SeniorHR
Google32    ,Google 117,Google ,Google31,TESTING,Junior 
Google22    ,Google 118,Google ,Google6,HR     ,HR     
Google24    ,Google 119,Google ,Google26,MANAGEMENT,SeniorHR
Google17    ,Google 120,Google ,Google4,QA     ,SeniorHR
Google32    ,Google 121,Google ,Google20,MANAGEMENT,SeniorHR
Google4     ,Google 122,Google ,Google29,TESTING,SOFTWATEDEVELOPER
Google24    ,Google 123,Google ,Google31,HR     ,HR     
Google0     ,Google 124,Google ,Google21,HR     ,QA     
Google32    ,Google 125,Google ,Google1,DEV    ,HR     
Google5     ,Google 126,Google ,Google28,HR     ,Junior 
Google14    ,Google 127,Google ,Google18,QA     ,SeniorHR
Google16    ,Google 128,Google ,Google5,HR     ,SeniorHR
Google12    ,Google 129,Google ,Google7,MANAGEMENT,Junior 
Google17    ,Google 130,Google ,Google8,DEV    ,Junior 
Google16    ,Google 131,Google ,Google25,TESTING,SOFTWATEDEVELOPER
Google6     ,Google 132,Google ,Google25,DEV    ,Junior 
Google25    ,Google 133,Google ,Google32,TESTING,SeniorHR
Google25    ,Google 134,Google ,Google14,DEV    ,Junior 
Google20    ,Google 135,Google ,Google28,HR     ,SeniorHR
Google9     ,Google 136,Google ,Google29,HR     ,SeniorHR
Google27    ,Google 137,Google ,Google19,MANAGEMENT,QA     
Google22    ,Google 138,Google ,Google30,TESTING,SOFTWATEDEVELOPER
Google23    ,Google 139,Google ,Google9,MANAGEMENT,SeniorHR
Google14    ,Google 140,Google ,Google9,MANAGEMENT,SOFTWATEDEVELOPER
Google8     ,Google 141,Google ,Google16,QA     ,SeniorHR
Google20    ,Google 142,Google ,Google21,QA     ,QA     
Google29    ,Google 143,Google ,Google27,TESTING,SOFTWATEDEVELOPER
Google6     ,Google 144,Google ,Google24,QA     ,SOFTWATEDEVELOPER
Google20    ,Google 145,Google ,Google28,MANAGEMENT,SOFTWATEDEVELOPER
Google27    ,Google 146,Google ,Google16,TESTING,QA     
Google17    ,Google 147,Google ,Google27,QA     ,SeniorHR
Google19    ,Google 148,Google ,Google30,QA     ,HR     
Google32    ,Google 149,Google ,Google13,DEV    ,SOFTWATEDEVELOPER
Google3     ,Google 150,Google ,Google20,MANAGEMENT,Junior 
Google31    ,Google 151,Google ,Google0,MANAGEMENT,QA     
Google14    ,Google 152,Google ,Google25,TESTING,QA     
Google16    ,Google 153,Google ,Google7,QA     ,SeniorHR
Google11    ,Google 154,Google ,Google7,MANAGEMENT,SOFTWATEDEVELOPER
Google2     ,Google 155,Google ,Google31,MANAGEMENT,QA     
Google29    ,Google 156,Google ,Google4,DEV    ,QA     
Google3     ,Google 157,Google ,Google4,QA     ,SOFTWATEDEVELOPER
Google13    ,Google 158,Google ,Google0,TESTING,Junior 
Google31    ,Google 159,Google ,Google24,QA     ,QA     
Google19    ,Google 160,Google ,Google19,DEV    ,SOFTWATEDEVELOPER
Google9     ,Google 161,Google ,Google25,HR     ,HR     
Google4     ,Google 162,Google ,Google5,MANAGEMENT,SOFTWATEDEVELOPER
Google19    ,Google 163,Google ,Google19,QA     ,Junior 
Google20    ,Google 164,Google ,Google3,DEV    ,QA     
Google21    ,Google 165,Google ,Google30,QA     ,HR     
Google2     ,Google 166,Google ,Google24,TESTING,SeniorHR
Google22    ,Google 167,Google ,Google25,TESTING,SOFTWATEDEVELOPER
Google18    ,Google 168,Google ,Google0,HR     ,SeniorHR
Google18    ,Google 169,Google ,Google7,TESTING,Junior 
Google3     ,Google 170,Google ,Google32,MANAGEMENT,QA     
Google5     ,Google 171,Google ,Google30,DEV    ,QA     
Google10    ,Google 172,Google ,Google12,DEV    ,QA     
Google14    ,Google 173,Google ,Google27,HR     ,SOFTWATEDEVELOPER
Google28    ,Google 174,Google ,Google2,QA     ,SeniorHR
Google6     ,Google 175,Google ,Google17,QA     ,HR     
Google18    ,Google 176,Google ,Google11,HR     ,SeniorHR
Google14    ,Google 177,Google ,Google6,TESTING,HR     
Google20    ,Google 178,Google ,Google5,QA     ,SOFTWATEDEVELOPER
Google2     ,Google 179,Google ,Google25,HR     ,Junior 
Google17    ,Google 180,Google ,Google24,HR     ,HR     
Google12    ,Google 181,Google ,Google25,HR     ,SOFTWATEDEVELOPER
Google27    ,Google 182,Google ,Google16,QA     ,SeniorHR
Google17    ,Google 183,Google ,Google31,MANAGEMENT,SeniorHR
Google9     ,Google 184,Google ,Google15,DEV    ,QA     
Google24    ,Google 185,Google ,Google20,DEV    ,Junior 
Google25    ,Google 186,Google ,Google0,DEV    ,HR     
Google3     ,Google 187,Google ,Google17,TESTING,Junior 
Google31    ,Google 188,Google ,Google18,HR     ,SeniorHR
Google11    ,Google 189,Google ,Google13,HR     ,QA     
Google6     ,Google 190,Google ,Google14,QA     ,QA     
Google18    ,Google 191,Google ,Google4,MANAGEMENT,SOFTWATEDEVELOPER
Google8     ,Google 192,Google ,Google3,DEV    ,SOFTWATEDEVELOPER
Google12    ,Google 193,Google ,Google11,DEV    ,QA     
Google11    ,Google 194,Google ,Google1,TESTING,HR     
Google17    ,Google 195,Google ,Google29,QA     ,HR     
Google30    ,Google 196,Google ,Google18,TESTING,QA     
Google31    ,Google 197,Google ,Google14,DEV    ,QA     
Google15    ,Google 198,Google ,Google19,QA     ,HR     
Google29    ,Google 199,Google ,Google15,TESTING,SOFTWATEDEVELOPER
Google4     ,Google 200,Google ,Google18,HR     ,QA     
