MicroSoft20 ,MicroSoft 1,MicroSoft,MicroSoft15,TESTING,HR     
MicroSoft14 ,MicroSoft 2,MicroSoft,MicroSoft22,DEV    ,HR     
MicroSoft7  ,MicroSoft 3,MicroSoft,MicroSoft7,DEV    ,SeniorHR
MicroSoft32 ,MicroSoft 4,MicroSoft,MicroSoft11,DEV    ,SeniorHR
MicroSoft6  ,MicroSoft 5,MicroSoft,MicroSoft6,DEV    ,SOFTWATEDEVELOPER
MicroSoft4  ,MicroSoft 6,MicroSoft,MicroSoft6,MANAGEMENT,SeniorHR
MicroSoft19 ,MicroSoft 7,MicroSoft,MicroSoft31,TESTING,SeniorHR
MicroSoft31 ,MicroSoft 8,MicroSoft,MicroSoft13,DEV    ,HR     
MicroSoft5  ,MicroSoft 9,MicroSoft,MicroSoft26,TESTING,QA     
MicroSoft0  ,MicroSoft 10,MicroSoft,MicroSoft15,TESTING,QA     
MicroSoft22 ,MicroSoft 11,MicroSoft,MicroSoft3,TESTING,HR     
MicroSoft18 ,MicroSoft 12,MicroSoft,MicroSoft1,QA     ,SOFTWATEDEVELOPER
MicroSoft19 ,MicroSoft 13,MicroSoft,MicroSoft10,DEV    ,HR     
MicroSoft21 ,MicroSoft 14,MicroSoft,MicroSoft0,HR     ,SeniorHR
MicroSoft21 ,MicroSoft 15,MicroSoft,MicroSoft32,QA     ,SeniorHR
MicroSoft3  ,MicroSoft 16,MicroSoft,MicroSoft28,DEV    ,QA     
MicroSoft32 ,MicroSoft 17,MicroSoft,MicroSoft32,DEV    ,Junior 
MicroSoft26 ,MicroSoft 18,MicroSoft,MicroSoft15,TESTING,SOFTWATEDEVELOPER
MicroSoft21 ,MicroSoft 19,MicroSoft,MicroSoft16,MANAGEMENT,Junior 
MicroSoft22 ,MicroSoft 20,MicroSoft,MicroSoft19,MANAGEMENT,SeniorHR
MicroSoft6  ,MicroSoft 21,MicroSoft,MicroSoft25,MANAGEMENT,SOFTWATEDEVELOPER
MicroSoft6  ,MicroSoft 22,MicroSoft,MicroSoft32,QA     ,Junior 
MicroSoft20 ,MicroSoft 23,MicroSoft,MicroSoft5,HR     ,Junior 
MicroSoft25 ,MicroSoft 24,MicroSoft,MicroSoft2,QA     ,QA     
MicroSoft26 ,MicroSoft 25,MicroSoft,MicroSoft23,DEV    ,SeniorHR
MicroSoft22 ,MicroSoft 26,MicroSoft,MicroSoft19,HR     ,Junior 
MicroSoft25 ,MicroSoft 27,MicroSoft,MicroSoft16,QA     ,Junior 
MicroSoft0  ,MicroSoft 28,MicroSoft,MicroSoft4,QA     ,Junior 
MicroSoft2  ,MicroSoft 29,MicroSoft,MicroSoft4,DEV    ,HR     
MicroSoft31 ,MicroSoft 30,MicroSoft,MicroSoft21,QA     ,Junior 
MicroSoft11 ,MicroSoft 31,MicroSoft,MicroSoft6,TESTING,SOFTWATEDEVELOPER
MicroSoft10 ,MicroSoft 32,MicroSoft,MicroSoft17,MANAGEMENT,SeniorHR
MicroSoft24 ,MicroSoft 33,MicroSoft,MicroSoft5,DEV    ,QA     
MicroSoft11 ,MicroSoft 34,MicroSoft,MicroSoft10,MANAGEMENT,SeniorHR
MicroSoft24 ,MicroSoft 35,MicroSoft,MicroSoft27,MANAGEMENT,SOFTWATEDEVELOPER
MicroSoft11 ,MicroSoft 36,MicroSoft,MicroSoft15,HR     ,SeniorHR
MicroSoft14 ,MicroSoft 37,MicroSoft,MicroSoft2,MANAGEMENT,SOFTWATEDEVELOPER
MicroSoft26 ,MicroSoft 38,MicroSoft,MicroSoft13,MANAGEMENT,Junior 
MicroSoft2  ,MicroSoft 39,MicroSoft,MicroSoft7,DEV    ,SeniorHR
MicroSoft2  ,MicroSoft 40,MicroSoft,MicroSoft12,QA     ,HR     
MicroSoft18 ,MicroSoft 41,MicroSoft,MicroSoft1,TESTING,QA     
MicroSoft30 ,MicroSoft 42,MicroSoft,MicroSoft24,QA     ,SOFTWATEDEVELOPER
MicroSoft7  ,MicroSoft 43,MicroSoft,MicroSoft22,QA     ,Junior 
MicroSoft24 ,MicroSoft 44,MicroSoft,MicroSoft30,QA     ,QA     
MicroSoft1  ,MicroSoft 45,MicroSoft,MicroSoft1,DEV    ,HR     
MicroSoft19 ,MicroSoft 46,MicroSoft,MicroSoft9,QA     ,HR     
MicroSoft9  ,MicroSoft 47,MicroSoft,MicroSoft2,MANAGEMENT,Junior 
MicroSoft3  ,MicroSoft 48,MicroSoft,MicroSoft13,TESTING,HR     
MicroSoft1  ,MicroSoft 49,MicroSoft,MicroSoft21,HR     ,HR     
MicroSoft1  ,MicroSoft 50,MicroSoft,MicroSoft10,TESTING,SOFTWATEDEVELOPER
MicroSoft12 ,MicroSoft 51,MicroSoft,MicroSoft5,TESTING,Junior 
MicroSoft26 ,MicroSoft 52,MicroSoft,MicroSoft25,TESTING,Junior 
MicroSoft18 ,MicroSoft 53,MicroSoft,MicroSoft11,TESTING,Junior 
MicroSoft5  ,MicroSoft 54,MicroSoft,MicroSoft18,QA     ,HR     
MicroSoft9  ,MicroSoft 55,MicroSoft,MicroSoft2,TESTING,QA     
MicroSoft28 ,MicroSoft 56,MicroSoft,MicroSoft19,QA     ,QA     
MicroSoft4  ,MicroSoft 57,MicroSoft,MicroSoft7,HR     ,Junior 
MicroSoft25 ,MicroSoft 58,MicroSoft,MicroSoft12,MANAGEMENT,SOFTWATEDEVELOPER
MicroSoft16 ,MicroSoft 59,MicroSoft,MicroSoft17,MANAGEMENT,SeniorHR
MicroSoft29 ,MicroSoft 60,MicroSoft,MicroSoft21,TESTING,SeniorHR
MicroSoft21 ,MicroSoft 61,MicroSoft,MicroSoft24,TESTING,SOFTWATEDEVELOPER
MicroSoft32 ,MicroSoft 62,MicroSoft,MicroSoft16,DEV    ,SeniorHR
MicroSoft0  ,MicroSoft 63,MicroSoft,MicroSoft29,MANAGEMENT,QA     
MicroSoft24 ,MicroSoft 64,MicroSoft,MicroSoft22,MANAGEMENT,SOFTWATEDEVELOPER
MicroSoft15 ,MicroSoft 65,MicroSoft,MicroSoft19,MANAGEMENT,SeniorHR
MicroSoft22 ,MicroSoft 66,MicroSoft,MicroSoft10,DEV    ,Junior 
MicroSoft16 ,MicroSoft 67,MicroSoft,MicroSoft23,TESTING,SOFTWATEDEVELOPER
MicroSoft23 ,MicroSoft 68,MicroSoft,MicroSoft6,DEV    ,SOFTWATEDEVELOPER
MicroSoft17 ,MicroSoft 69,MicroSoft,MicroSoft2,HR     ,Junior 
MicroSoft0  ,MicroSoft 70,MicroSoft,MicroSoft30,MANAGEMENT,SOFTWATEDEVELOPER
MicroSoft32 ,MicroSoft 71,MicroSoft,MicroSoft20,HR     ,QA     
MicroSoft12 ,MicroSoft 72,MicroSoft,MicroSoft28,MANAGEMENT,QA     
MicroSoft23 ,MicroSoft 73,MicroSoft,MicroSoft2,MANAGEMENT,HR     
MicroSoft21 ,MicroSoft 74,MicroSoft,MicroSoft31,MANAGEMENT,HR     
MicroSoft11 ,MicroSoft 75,MicroSoft,MicroSoft12,DEV    ,HR     
MicroSoft0  ,MicroSoft 76,MicroSoft,MicroSoft19,QA     ,QA     
MicroSoft16 ,MicroSoft 77,MicroSoft,MicroSoft11,TESTING,SOFTWATEDEVELOPER
MicroSoft16 ,MicroSoft 78,MicroSoft,MicroSoft23,QA     ,SeniorHR
MicroSoft24 ,MicroSoft 79,MicroSoft,MicroSoft11,TESTING,Junior 
MicroSoft8  ,MicroSoft 80,MicroSoft,MicroSoft16,MANAGEMENT,SOFTWATEDEVELOPER
MicroSoft24 ,MicroSoft 81,MicroSoft,MicroSoft22,MANAGEMENT,SOFTWATEDEVELOPER
MicroSoft7  ,MicroSoft 82,MicroSoft,MicroSoft2,MANAGEMENT,SeniorHR
MicroSoft8  ,MicroSoft 83,MicroSoft,MicroSoft27,QA     ,SOFTWATEDEVELOPER
MicroSoft22 ,MicroSoft 84,MicroSoft,MicroSoft19,QA     ,HR     
MicroSoft28 ,MicroSoft 85,MicroSoft,MicroSoft7,DEV    ,Junior 
MicroSoft12 ,MicroSoft 86,MicroSoft,MicroSoft10,DEV    ,Junior 
MicroSoft11 ,MicroSoft 87,MicroSoft,MicroSoft13,TESTING,HR     
MicroSoft12 ,MicroSoft 88,MicroSoft,MicroSoft24,HR     ,QA     
MicroSoft17 ,MicroSoft 89,MicroSoft,MicroSoft19,TESTING,HR     
MicroSoft22 ,MicroSoft 90,MicroSoft,MicroSoft5,TESTING,SeniorHR
MicroSoft11 ,MicroSoft 91,MicroSoft,MicroSoft30,TESTING,SOFTWATEDEVELOPER
MicroSoft30 ,MicroSoft 92,MicroSoft,MicroSoft2,MANAGEMENT,Junior 
MicroSoft24 ,MicroSoft 93,MicroSoft,MicroSoft7,DEV    ,Junior 
MicroSoft4  ,MicroSoft 94,MicroSoft,MicroSoft26,DEV    ,SeniorHR
MicroSoft12 ,MicroSoft 95,MicroSoft,MicroSoft30,DEV    ,QA     
MicroSoft16 ,MicroSoft 96,MicroSoft,MicroSoft23,HR     ,SeniorHR
MicroSoft24 ,MicroSoft 97,MicroSoft,MicroSoft31,HR     ,Junior 
MicroSoft1  ,MicroSoft 98,MicroSoft,MicroSoft10,QA     ,SOFTWATEDEVELOPER
MicroSoft21 ,MicroSoft 99,MicroSoft,MicroSoft30,QA     ,SeniorHR
MicroSoft30 ,MicroSoft 100,MicroSoft,MicroSoft21,HR     ,HR     
MicroSoft17 ,MicroSoft 101,MicroSoft,MicroSoft12,TESTING,Junior 
MicroSoft17 ,MicroSoft 102,MicroSoft,MicroSoft3,QA     ,SOFTWATEDEVELOPER
MicroSoft11 ,MicroSoft 103,MicroSoft,MicroSoft4,MANAGEMENT,SOFTWATEDEVELOPER
MicroSoft29 ,MicroSoft 104,MicroSoft,MicroSoft24,MANAGEMENT,SOFTWATEDEVELOPER
MicroSoft24 ,MicroSoft 105,MicroSoft,MicroSoft29,MANAGEMENT,QA     
MicroSoft31 ,MicroSoft 106,MicroSoft,MicroSoft27,HR     ,SeniorHR
MicroSoft17 ,MicroSoft 107,MicroSoft,MicroSoft17,DEV    ,Junior 
MicroSoft4  ,MicroSoft 108,MicroSoft,MicroSoft25,TESTING,SOFTWATEDEVELOPER
MicroSoft27 ,MicroSoft 109,MicroSoft,MicroSoft32,DEV    ,Junior 
MicroSoft4  ,MicroSoft 110,MicroSoft,MicroSoft0,MANAGEMENT,SOFTWATEDEVELOPER
MicroSoft8  ,MicroSoft 111,MicroSoft,MicroSoft13,QA     ,QA     
MicroSoft12 ,MicroSoft 112,MicroSoft,MicroSoft30,QA     ,QA     
MicroSoft0  ,MicroSoft 113,MicroSoft,MicroSoft0,QA     ,Junior 
MicroSoft24 ,MicroSoft 114,MicroSoft,MicroSoft4,DEV    ,SOFTWATEDEVELOPER
MicroSoft8  ,MicroSoft 115,MicroSoft,MicroSoft4,QA     ,Junior 
MicroSoft24 ,MicroSoft 116,MicroSoft,MicroSoft16,TESTING,SeniorHR
MicroSoft21 ,MicroSoft 117,MicroSoft,MicroSoft6,MANAGEMENT,QA     
MicroSoft14 ,MicroSoft 118,MicroSoft,MicroSoft26,TESTING,SOFTWATEDEVELOPER
MicroSoft30 ,MicroSoft 119,MicroSoft,MicroSoft9,QA     ,SeniorHR
MicroSoft3  ,MicroSoft 120,MicroSoft,MicroSoft6,HR     ,SeniorHR
MicroSoft24 ,MicroSoft 121,MicroSoft,MicroSoft15,HR     ,Junior 
MicroSoft1  ,MicroSoft 122,MicroSoft,MicroSoft14,MANAGEMENT,SOFTWATEDEVELOPER
MicroSoft22 ,MicroSoft 123,MicroSoft,MicroSoft20,MANAGEMENT,QA     
MicroSoft12 ,MicroSoft 124,MicroSoft,MicroSoft31,MANAGEMENT,SOFTWATEDEVELOPER
MicroSoft27 ,MicroSoft 125,MicroSoft,MicroSoft5,DEV    ,Junior 
MicroSoft32 ,MicroSoft 126,MicroSoft,MicroSoft29,TESTING,Junior 
MicroSoft16 ,MicroSoft 127,MicroSoft,MicroSoft1,HR     ,SeniorHR
MicroSoft14 ,MicroSoft 128,MicroSoft,MicroSoft26,TESTING,Junior 
MicroSoft3  ,MicroSoft 129,MicroSoft,MicroSoft1,DEV    ,HR     
MicroSoft10 ,MicroSoft 130,MicroSoft,MicroSoft15,TESTING,HR     
MicroSoft6  ,MicroSoft 131,MicroSoft,MicroSoft8,DEV    ,SOFTWATEDEVELOPER
MicroSoft31 ,MicroSoft 132,MicroSoft,MicroSoft18,DEV    ,QA     
MicroSoft12 ,MicroSoft 133,MicroSoft,MicroSoft30,QA     ,QA     
MicroSoft31 ,MicroSoft 134,MicroSoft,MicroSoft28,QA     ,QA     
MicroSoft32 ,MicroSoft 135,MicroSoft,MicroSoft32,QA     ,Junior 
MicroSoft10 ,MicroSoft 136,MicroSoft,MicroSoft18,DEV    ,QA     
MicroSoft1  ,MicroSoft 137,MicroSoft,MicroSoft26,MANAGEMENT,HR     
MicroSoft22 ,MicroSoft 138,MicroSoft,MicroSoft20,TESTING,HR     
MicroSoft20 ,MicroSoft 139,MicroSoft,MicroSoft1,MANAGEMENT,SOFTWATEDEVELOPER
MicroSoft21 ,MicroSoft 140,MicroSoft,MicroSoft22,DEV    ,QA     
MicroSoft23 ,MicroSoft 141,MicroSoft,MicroSoft5,HR     ,SeniorHR
MicroSoft3  ,MicroSoft 142,MicroSoft,MicroSoft21,HR     ,HR     
MicroSoft13 ,MicroSoft 143,MicroSoft,MicroSoft14,DEV    ,HR     
MicroSoft28 ,MicroSoft 144,MicroSoft,MicroSoft17,MANAGEMENT,SOFTWATEDEVELOPER
MicroSoft0  ,MicroSoft 145,MicroSoft,MicroSoft11,QA     ,Junior 
MicroSoft22 ,MicroSoft 146,MicroSoft,MicroSoft32,DEV    ,SOFTWATEDEVELOPER
MicroSoft16 ,MicroSoft 147,MicroSoft,MicroSoft11,DEV    ,QA     
MicroSoft29 ,MicroSoft 148,MicroSoft,MicroSoft29,HR     ,HR     
MicroSoft25 ,MicroSoft 149,MicroSoft,MicroSoft21,DEV    ,Junior 
MicroSoft16 ,MicroSoft 150,MicroSoft,MicroSoft23,QA     ,SeniorHR
MicroSoft22 ,MicroSoft 151,MicroSoft,MicroSoft20,MANAGEMENT,HR     
MicroSoft10 ,MicroSoft 152,MicroSoft,MicroSoft3,TESTING,Junior 
MicroSoft4  ,MicroSoft 153,MicroSoft,MicroSoft10,QA     ,HR     
MicroSoft30 ,MicroSoft 154,MicroSoft,MicroSoft1,DEV    ,SOFTWATEDEVELOPER
MicroSoft29 ,MicroSoft 155,MicroSoft,MicroSoft9,HR     ,SOFTWATEDEVELOPER
MicroSoft10 ,MicroSoft 156,MicroSoft,MicroSoft6,DEV    ,SeniorHR
MicroSoft8  ,MicroSoft 157,MicroSoft,MicroSoft32,TESTING,Junior 
MicroSoft6  ,MicroSoft 158,MicroSoft,MicroSoft24,HR     ,HR     
MicroSoft19 ,MicroSoft 159,MicroSoft,MicroSoft11,TESTING,Junior 
MicroSoft2  ,MicroSoft 160,MicroSoft,MicroSoft1,TESTING,HR     
MicroSoft27 ,MicroSoft 161,MicroSoft,MicroSoft6,QA     ,SOFTWATEDEVELOPER
MicroSoft6  ,MicroSoft 162,MicroSoft,MicroSoft28,DEV    ,SOFTWATEDEVELOPER
MicroSoft12 ,MicroSoft 163,MicroSoft,MicroSoft19,DEV    ,HR     
MicroSoft23 ,MicroSoft 164,MicroSoft,MicroSoft0,HR     ,SeniorHR
MicroSoft9  ,MicroSoft 165,MicroSoft,MicroSoft13,MANAGEMENT,HR     
MicroSoft17 ,MicroSoft 166,MicroSoft,MicroSoft10,MANAGEMENT,HR     
MicroSoft4  ,MicroSoft 167,MicroSoft,MicroSoft13,QA     ,SeniorHR
MicroSoft18 ,MicroSoft 168,MicroSoft,MicroSoft7,QA     ,QA     
MicroSoft26 ,MicroSoft 169,MicroSoft,MicroSoft20,MANAGEMENT,Junior 
MicroSoft13 ,MicroSoft 170,MicroSoft,MicroSoft24,DEV    ,HR     
MicroSoft19 ,MicroSoft 171,MicroSoft,MicroSoft28,MANAGEMENT,SOFTWATEDEVELOPER
MicroSoft15 ,MicroSoft 172,MicroSoft,MicroSoft31,TESTING,SeniorHR
MicroSoft8  ,MicroSoft 173,MicroSoft,MicroSoft0,QA     ,SOFTWATEDEVELOPER
MicroSoft2  ,MicroSoft 174,MicroSoft,MicroSoft4,MANAGEMENT,SeniorHR
MicroSoft9  ,MicroSoft 175,MicroSoft,MicroSoft12,TESTING,SOFTWATEDEVELOPER
MicroSoft5  ,MicroSoft 176,MicroSoft,MicroSoft27,HR     ,Junior 
MicroSoft30 ,MicroSoft 177,MicroSoft,MicroSoft13,TESTING,Junior 
MicroSoft3  ,MicroSoft 178,MicroSoft,MicroSoft31,HR     ,SeniorHR
MicroSoft2  ,MicroSoft 179,MicroSoft,MicroSoft19,QA     ,SOFTWATEDEVELOPER
MicroSoft16 ,MicroSoft 180,MicroSoft,MicroSoft9,MANAGEMENT,HR     
MicroSoft27 ,MicroSoft 181,MicroSoft,MicroSoft5,DEV    ,SeniorHR
MicroSoft15 ,MicroSoft 182,MicroSoft,MicroSoft0,QA     ,SOFTWATEDEVELOPER
MicroSoft25 ,MicroSoft 183,MicroSoft,MicroSoft13,MANAGEMENT,Junior 
MicroSoft9  ,MicroSoft 184,MicroSoft,MicroSoft17,DEV    ,SOFTWATEDEVELOPER
MicroSoft23 ,MicroSoft 185,MicroSoft,MicroSoft21,QA     ,Junior 
MicroSoft17 ,MicroSoft 186,MicroSoft,MicroSoft17,TESTING,HR     
MicroSoft31 ,MicroSoft 187,MicroSoft,MicroSoft6,TESTING,SeniorHR
MicroSoft12 ,MicroSoft 188,MicroSoft,MicroSoft5,HR     ,Junior 
MicroSoft15 ,MicroSoft 189,MicroSoft,MicroSoft8,MANAGEMENT,QA     
MicroSoft17 ,MicroSoft 190,MicroSoft,MicroSoft20,QA     ,QA     
MicroSoft19 ,MicroSoft 191,MicroSoft,MicroSoft24,DEV    ,SOFTWATEDEVELOPER
MicroSoft4  ,MicroSoft 192,MicroSoft,MicroSoft1,DEV    ,SeniorHR
MicroSoft11 ,MicroSoft 193,MicroSoft,MicroSoft32,MANAGEMENT,QA     
MicroSoft19 ,MicroSoft 194,MicroSoft,MicroSoft27,QA     ,HR     
MicroSoft23 ,MicroSoft 195,MicroSoft,MicroSoft32,TESTING,HR     
MicroSoft14 ,MicroSoft 196,MicroSoft,MicroSoft10,DEV    ,SeniorHR
MicroSoft12 ,MicroSoft 197,MicroSoft,MicroSoft26,TESTING,Junior 
MicroSoft19 ,MicroSoft 198,MicroSoft,MicroSoft8,DEV    ,Junior 
MicroSoft32 ,MicroSoft 199,MicroSoft,MicroSoft24,TESTING,SOFTWATEDEVELOPER
MicroSoft7  ,MicroSoft 200,MicroSoft,MicroSoft25,HR     ,QA     
