Tcs27       ,Tcs 1  ,Tcs    ,Tcs18  ,MANAGEMENT,SeniorHR
Tcs2        ,Tcs 2  ,Tcs    ,Tcs20  ,MANAGEMENT,Junior 
Tcs27       ,Tcs 3  ,Tcs    ,Tcs4   ,TESTING,HR     
Tcs30       ,Tcs 4  ,Tcs    ,Tcs29  ,MANAGEMENT,QA     
Tcs11       ,Tcs 5  ,Tcs    ,Tcs3   ,HR     ,SeniorHR
Tcs3        ,Tcs 6  ,Tcs    ,Tcs25  ,HR     ,QA     
Tcs9        ,Tcs 7  ,Tcs    ,Tcs26  ,QA     ,Junior 
Tcs29       ,Tcs 8  ,Tcs    ,Tcs9   ,TESTING,HR     
Tcs21       ,Tcs 9  ,Tcs    ,Tcs14  ,HR     ,SeniorHR
Tcs32       ,Tcs 10 ,Tcs    ,Tcs10  ,TESTING,QA     
Tcs8        ,Tcs 11 ,Tcs    ,Tcs7   ,QA     ,SeniorHR
Tcs2        ,Tcs 12 ,Tcs    ,Tcs24  ,MANAGEMENT,SOFTWATEDEVELOPER
Tcs5        ,Tcs 13 ,Tcs    ,Tcs32  ,MANAGEMENT,SeniorHR
Tcs21       ,Tcs 14 ,Tcs    ,Tcs13  ,HR     ,Junior 
Tcs14       ,Tcs 15 ,Tcs    ,Tcs1   ,DEV    ,HR     
Tcs0        ,Tcs 16 ,Tcs    ,Tcs25  ,HR     ,SeniorHR
Tcs21       ,Tcs 17 ,Tcs    ,Tcs4   ,QA     ,SeniorHR
Tcs23       ,Tcs 18 ,Tcs    ,Tcs13  ,MANAGEMENT,Junior 
Tcs17       ,Tcs 19 ,Tcs    ,Tcs12  ,DEV    ,QA     
Tcs2        ,Tcs 20 ,Tcs    ,Tcs22  ,QA     ,SeniorHR
Tcs30       ,Tcs 21 ,Tcs    ,Tcs27  ,MANAGEMENT,QA     
Tcs13       ,Tcs 22 ,Tcs    ,Tcs32  ,QA     ,HR     
Tcs12       ,Tcs 23 ,Tcs    ,Tcs4   ,HR     ,QA     
Tcs2        ,Tcs 24 ,Tcs    ,Tcs9   ,MANAGEMENT,SeniorHR
Tcs2        ,Tcs 25 ,Tcs    ,Tcs4   ,QA     ,QA     
Tcs0        ,Tcs 26 ,Tcs    ,Tcs12  ,HR     ,SOFTWATEDEVELOPER
Tcs32       ,Tcs 27 ,Tcs    ,Tcs27  ,MANAGEMENT,HR     
Tcs5        ,Tcs 28 ,Tcs    ,Tcs5   ,MANAGEMENT,SOFTWATEDEVELOPER
Tcs9        ,Tcs 29 ,Tcs    ,Tcs22  ,DEV    ,Junior 
Tcs29       ,Tcs 30 ,Tcs    ,Tcs7   ,HR     ,SOFTWATEDEVELOPER
Tcs13       ,Tcs 31 ,Tcs    ,Tcs15  ,HR     ,SeniorHR
Tcs11       ,Tcs 32 ,Tcs    ,Tcs2   ,MANAGEMENT,HR     
Tcs18       ,Tcs 33 ,Tcs    ,Tcs25  ,QA     ,QA     
Tcs30       ,Tcs 34 ,Tcs    ,Tcs26  ,TESTING,SeniorHR
Tcs26       ,Tcs 35 ,Tcs    ,Tcs3   ,MANAGEMENT,SeniorHR
Tcs0        ,Tcs 36 ,Tcs    ,Tcs14  ,HR     ,Junior 
Tcs5        ,Tcs 37 ,Tcs    ,Tcs9   ,QA     ,HR     
Tcs32       ,Tcs 38 ,Tcs    ,Tcs21  ,TESTING,QA     
Tcs32       ,Tcs 39 ,Tcs    ,Tcs2   ,TESTING,SeniorHR
Tcs8        ,Tcs 40 ,Tcs    ,Tcs15  ,TESTING,QA     
Tcs28       ,Tcs 41 ,Tcs    ,Tcs24  ,QA     ,SeniorHR
Tcs12       ,Tcs 42 ,Tcs    ,Tcs1   ,MANAGEMENT,SeniorHR
Tcs5        ,Tcs 43 ,Tcs    ,Tcs25  ,DEV    ,SOFTWATEDEVELOPER
Tcs9        ,Tcs 44 ,Tcs    ,Tcs19  ,QA     ,QA     
Tcs14       ,Tcs 45 ,Tcs    ,Tcs30  ,TESTING,Junior 
Tcs14       ,Tcs 46 ,Tcs    ,Tcs20  ,DEV    ,QA     
Tcs5        ,Tcs 47 ,Tcs    ,Tcs30  ,MANAGEMENT,QA     
Tcs8        ,Tcs 48 ,Tcs    ,Tcs32  ,DEV    ,HR     
Tcs23       ,Tcs 49 ,Tcs    ,Tcs0   ,QA     ,HR     
Tcs24       ,Tcs 50 ,Tcs    ,Tcs21  ,MANAGEMENT,Junior 
Tcs15       ,Tcs 51 ,Tcs    ,Tcs4   ,DEV    ,Junior 
Tcs8        ,Tcs 52 ,Tcs    ,Tcs26  ,TESTING,HR     
Tcs13       ,Tcs 53 ,Tcs    ,Tcs18  ,HR     ,HR     
Tcs1        ,Tcs 54 ,Tcs    ,Tcs11  ,TESTING,HR     
Tcs16       ,Tcs 55 ,Tcs    ,Tcs25  ,DEV    ,SeniorHR
Tcs2        ,Tcs 56 ,Tcs    ,Tcs32  ,DEV    ,Junior 
Tcs15       ,Tcs 57 ,Tcs    ,Tcs1   ,HR     ,HR     
Tcs28       ,Tcs 58 ,Tcs    ,Tcs13  ,DEV    ,SOFTWATEDEVELOPER
Tcs3        ,Tcs 59 ,Tcs    ,Tcs10  ,QA     ,HR     
Tcs13       ,Tcs 60 ,Tcs    ,Tcs1   ,QA     ,HR     
Tcs11       ,Tcs 61 ,Tcs    ,Tcs18  ,TESTING,SOFTWATEDEVELOPER
Tcs28       ,Tcs 62 ,Tcs    ,Tcs31  ,DEV    ,HR     
Tcs18       ,Tcs 63 ,Tcs    ,Tcs15  ,QA     ,QA     
Tcs12       ,Tcs 64 ,Tcs    ,Tcs11  ,HR     ,SeniorHR
Tcs29       ,Tcs 65 ,Tcs    ,Tcs1   ,QA     ,HR     
Tcs24       ,Tcs 66 ,Tcs    ,Tcs10  ,TESTING,QA     
Tcs11       ,Tcs 67 ,Tcs    ,Tcs11  ,DEV    ,SOFTWATEDEVELOPER
Tcs24       ,Tcs 68 ,Tcs    ,Tcs4   ,MANAGEMENT,SeniorHR
Tcs3        ,Tcs 69 ,Tcs    ,Tcs29  ,HR     ,SeniorHR
Tcs18       ,Tcs 70 ,Tcs    ,Tcs17  ,DEV    ,SeniorHR
Tcs24       ,Tcs 71 ,Tcs    ,Tcs23  ,QA     ,HR     
Tcs21       ,Tcs 72 ,Tcs    ,Tcs7   ,DEV    ,SOFTWATEDEVELOPER
Tcs8        ,Tcs 73 ,Tcs    ,Tcs4   ,TESTING,HR     
Tcs10       ,Tcs 74 ,Tcs    ,Tcs14  ,QA     ,Junior 
Tcs0        ,Tcs 75 ,Tcs    ,Tcs14  ,DEV    ,SeniorHR
Tcs24       ,Tcs 76 ,Tcs    ,Tcs18  ,QA     ,SeniorHR
Tcs21       ,Tcs 77 ,Tcs    ,Tcs10  ,MANAGEMENT,SeniorHR
Tcs7        ,Tcs 78 ,Tcs    ,Tcs17  ,MANAGEMENT,HR     
Tcs23       ,Tcs 79 ,Tcs    ,Tcs7   ,TESTING,Junior 
Tcs19       ,Tcs 80 ,Tcs    ,Tcs4   ,DEV    ,Junior 
Tcs30       ,Tcs 81 ,Tcs    ,Tcs14  ,TESTING,SOFTWATEDEVELOPER
Tcs23       ,Tcs 82 ,Tcs    ,Tcs16  ,HR     ,SOFTWATEDEVELOPER
Tcs9        ,Tcs 83 ,Tcs    ,Tcs2   ,TESTING,Junior 
Tcs6        ,Tcs 84 ,Tcs    ,Tcs26  ,QA     ,Junior 
Tcs2        ,Tcs 85 ,Tcs    ,Tcs9   ,QA     ,HR     
Tcs10       ,Tcs 86 ,Tcs    ,Tcs29  ,TESTING,SOFTWATEDEVELOPER
Tcs7        ,Tcs 87 ,Tcs    ,Tcs2   ,QA     ,Junior 
Tcs32       ,Tcs 88 ,Tcs    ,Tcs18  ,TESTING,QA     
Tcs2        ,Tcs 89 ,Tcs    ,Tcs6   ,TESTING,HR     
Tcs3        ,Tcs 90 ,Tcs    ,Tcs0   ,QA     ,Junior 
Tcs7        ,Tcs 91 ,Tcs    ,Tcs8   ,DEV    ,Junior 
Tcs0        ,Tcs 92 ,Tcs    ,Tcs25  ,HR     ,QA     
Tcs15       ,Tcs 93 ,Tcs    ,Tcs9   ,MANAGEMENT,HR     
Tcs13       ,Tcs 94 ,Tcs    ,Tcs0   ,MANAGEMENT,Junior 
Tcs30       ,Tcs 95 ,Tcs    ,Tcs24  ,TESTING,SOFTWATEDEVELOPER
Tcs28       ,Tcs 96 ,Tcs    ,Tcs0   ,QA     ,SOFTWATEDEVELOPER
Tcs20       ,Tcs 97 ,Tcs    ,Tcs20  ,HR     ,Junior 
Tcs6        ,Tcs 98 ,Tcs    ,Tcs15  ,HR     ,Junior 
Tcs18       ,Tcs 99 ,Tcs    ,Tcs19  ,HR     ,Junior 
Tcs22       ,Tcs 100,Tcs    ,Tcs11  ,QA     ,SeniorHR
Tcs30       ,Tcs 101,Tcs    ,Tcs23  ,QA     ,SOFTWATEDEVELOPER
Tcs19       ,Tcs 102,Tcs    ,Tcs5   ,TESTING,Junior 
Tcs12       ,Tcs 103,Tcs    ,Tcs18  ,DEV    ,HR     
Tcs19       ,Tcs 104,Tcs    ,Tcs3   ,DEV    ,HR     
Tcs19       ,Tcs 105,Tcs    ,Tcs16  ,TESTING,SeniorHR
Tcs23       ,Tcs 106,Tcs    ,Tcs4   ,QA     ,Junior 
Tcs5        ,Tcs 107,Tcs    ,Tcs29  ,QA     ,QA     
Tcs29       ,Tcs 108,Tcs    ,Tcs24  ,DEV    ,SeniorHR
Tcs0        ,Tcs 109,Tcs    ,Tcs31  ,QA     ,Junior 
Tcs11       ,Tcs 110,Tcs    ,Tcs31  ,HR     ,SeniorHR
Tcs4        ,Tcs 111,Tcs    ,Tcs32  ,QA     ,SOFTWATEDEVELOPER
Tcs2        ,Tcs 112,Tcs    ,Tcs24  ,TESTING,SeniorHR
Tcs9        ,Tcs 113,Tcs    ,Tcs29  ,TESTING,Junior 
Tcs26       ,Tcs 114,Tcs    ,Tcs10  ,QA     ,SOFTWATEDEVELOPER
Tcs32       ,Tcs 115,Tcs    ,Tcs21  ,TESTING,SOFTWATEDEVELOPER
Tcs14       ,Tcs 116,Tcs    ,Tcs21  ,HR     ,SOFTWATEDEVELOPER
Tcs6        ,Tcs 117,Tcs    ,Tcs27  ,DEV    ,SOFTWATEDEVELOPER
Tcs13       ,Tcs 118,Tcs    ,Tcs4   ,MANAGEMENT,SOFTWATEDEVELOPER
Tcs11       ,Tcs 119,Tcs    ,Tcs3   ,DEV    ,SOFTWATEDEVELOPER
Tcs17       ,Tcs 120,Tcs    ,Tcs2   ,MANAGEMENT,SeniorHR
Tcs13       ,Tcs 121,Tcs    ,Tcs8   ,TESTING,QA     
Tcs8        ,Tcs 122,Tcs    ,Tcs5   ,QA     ,SOFTWATEDEVELOPER
Tcs8        ,Tcs 123,Tcs    ,Tcs29  ,HR     ,SOFTWATEDEVELOPER
Tcs13       ,Tcs 124,Tcs    ,Tcs14  ,HR     ,SeniorHR
Tcs27       ,Tcs 125,Tcs    ,Tcs32  ,TESTING,HR     
Tcs12       ,Tcs 126,Tcs    ,Tcs28  ,HR     ,Junior 
Tcs1        ,Tcs 127,Tcs    ,Tcs27  ,MANAGEMENT,SOFTWATEDEVELOPER
Tcs1        ,Tcs 128,Tcs    ,Tcs32  ,DEV    ,QA     
Tcs23       ,Tcs 129,Tcs    ,Tcs2   ,DEV    ,Junior 
Tcs4        ,Tcs 130,Tcs    ,Tcs5   ,DEV    ,Junior 
Tcs2        ,Tcs 131,Tcs    ,Tcs21  ,DEV    ,SeniorHR
Tcs32       ,Tcs 132,Tcs    ,Tcs4   ,DEV    ,QA     
Tcs2        ,Tcs 133,Tcs    ,Tcs25  ,MANAGEMENT,SeniorHR
Tcs20       ,Tcs 134,Tcs    ,Tcs22  ,HR     ,SeniorHR
Tcs6        ,Tcs 135,Tcs    ,Tcs12  ,MANAGEMENT,SeniorHR
Tcs10       ,Tcs 136,Tcs    ,Tcs1   ,QA     ,HR     
Tcs20       ,Tcs 137,Tcs    ,Tcs8   ,HR     ,HR     
Tcs5        ,Tcs 138,Tcs    ,Tcs27  ,DEV    ,SOFTWATEDEVELOPER
Tcs21       ,Tcs 139,Tcs    ,Tcs13  ,HR     ,SOFTWATEDEVELOPER
Tcs15       ,Tcs 140,Tcs    ,Tcs17  ,HR     ,QA     
Tcs18       ,Tcs 141,Tcs    ,Tcs30  ,QA     ,HR     
Tcs2        ,Tcs 142,Tcs    ,Tcs24  ,DEV    ,Junior 
Tcs0        ,Tcs 143,Tcs    ,Tcs24  ,MANAGEMENT,SOFTWATEDEVELOPER
Tcs7        ,Tcs 144,Tcs    ,Tcs29  ,QA     ,Junior 
Tcs0        ,Tcs 145,Tcs    ,Tcs3   ,MANAGEMENT,SOFTWATEDEVELOPER
Tcs4        ,Tcs 146,Tcs    ,Tcs30  ,QA     ,HR     
Tcs13       ,Tcs 147,Tcs    ,Tcs7   ,MANAGEMENT,HR     
Tcs16       ,Tcs 148,Tcs    ,Tcs11  ,HR     ,SOFTWATEDEVELOPER
Tcs6        ,Tcs 149,Tcs    ,Tcs0   ,MANAGEMENT,HR     
Tcs12       ,Tcs 150,Tcs    ,Tcs11  ,HR     ,QA     
Tcs32       ,Tcs 151,Tcs    ,Tcs32  ,DEV    ,SeniorHR
Tcs28       ,Tcs 152,Tcs    ,Tcs19  ,TESTING,SOFTWATEDEVELOPER
Tcs22       ,Tcs 153,Tcs    ,Tcs4   ,QA     ,HR     
Tcs20       ,Tcs 154,Tcs    ,Tcs15  ,QA     ,SOFTWATEDEVELOPER
Tcs5        ,Tcs 155,Tcs    ,Tcs13  ,MANAGEMENT,QA     
Tcs28       ,Tcs 156,Tcs    ,Tcs2   ,TESTING,SOFTWATEDEVELOPER
Tcs21       ,Tcs 157,Tcs    ,Tcs9   ,TESTING,Junior 
Tcs0        ,Tcs 158,Tcs    ,Tcs10  ,QA     ,SOFTWATEDEVELOPER
Tcs30       ,Tcs 159,Tcs    ,Tcs0   ,QA     ,Junior 
Tcs19       ,Tcs 160,Tcs    ,Tcs11  ,DEV    ,QA     
Tcs25       ,Tcs 161,Tcs    ,Tcs4   ,TESTING,HR     
Tcs21       ,Tcs 162,Tcs    ,Tcs22  ,HR     ,SOFTWATEDEVELOPER
Tcs7        ,Tcs 163,Tcs    ,Tcs7   ,DEV    ,QA     
Tcs14       ,Tcs 164,Tcs    ,Tcs10  ,HR     ,QA     
Tcs13       ,Tcs 165,Tcs    ,Tcs22  ,QA     ,SeniorHR
Tcs0        ,Tcs 166,Tcs    ,Tcs8   ,QA     ,HR     
Tcs16       ,Tcs 167,Tcs    ,Tcs0   ,TESTING,SOFTWATEDEVELOPER
Tcs24       ,Tcs 168,Tcs    ,Tcs21  ,HR     ,QA     
Tcs1        ,Tcs 169,Tcs    ,Tcs2   ,HR     ,SOFTWATEDEVELOPER
Tcs17       ,Tcs 170,Tcs    ,Tcs7   ,MANAGEMENT,QA     
Tcs7        ,Tcs 171,Tcs    ,Tcs28  ,MANAGEMENT,SOFTWATEDEVELOPER
Tcs3        ,Tcs 172,Tcs    ,Tcs22  ,DEV    ,SeniorHR
Tcs32       ,Tcs 173,Tcs    ,Tcs26  ,QA     ,QA     
Tcs18       ,Tcs 174,Tcs    ,Tcs25  ,MANAGEMENT,SeniorHR
Tcs14       ,Tcs 175,Tcs    ,Tcs5   ,MANAGEMENT,SOFTWATEDEVELOPER
Tcs7        ,Tcs 176,Tcs    ,Tcs14  ,MANAGEMENT,SeniorHR
Tcs5        ,Tcs 177,Tcs    ,Tcs12  ,MANAGEMENT,HR     
Tcs7        ,Tcs 178,Tcs    ,Tcs9   ,DEV    ,HR     
Tcs23       ,Tcs 179,Tcs    ,Tcs26  ,DEV    ,Junior 
Tcs9        ,Tcs 180,Tcs    ,Tcs29  ,DEV    ,QA     
Tcs25       ,Tcs 181,Tcs    ,Tcs28  ,QA     ,QA     
Tcs30       ,Tcs 182,Tcs    ,Tcs4   ,DEV    ,HR     
Tcs8        ,Tcs 183,Tcs    ,Tcs18  ,DEV    ,HR     
Tcs12       ,Tcs 184,Tcs    ,Tcs10  ,QA     ,SOFTWATEDEVELOPER
Tcs28       ,Tcs 185,Tcs    ,Tcs13  ,QA     ,SOFTWATEDEVELOPER
Tcs24       ,Tcs 186,Tcs    ,Tcs28  ,DEV    ,SOFTWATEDEVELOPER
Tcs13       ,Tcs 187,Tcs    ,Tcs17  ,DEV    ,SOFTWATEDEVELOPER
Tcs13       ,Tcs 188,Tcs    ,Tcs21  ,DEV    ,SeniorHR
Tcs30       ,Tcs 189,Tcs    ,Tcs0   ,MANAGEMENT,HR     
Tcs27       ,Tcs 190,Tcs    ,Tcs1   ,QA     ,Junior 
Tcs3        ,Tcs 191,Tcs    ,Tcs22  ,HR     ,SOFTWATEDEVELOPER
Tcs0        ,Tcs 192,Tcs    ,Tcs1   ,MANAGEMENT,HR     
Tcs2        ,Tcs 193,Tcs    ,Tcs19  ,DEV    ,QA     
Tcs9        ,Tcs 194,Tcs    ,Tcs17  ,HR     ,QA     
Tcs17       ,Tcs 195,Tcs    ,Tcs30  ,TESTING,HR     
Tcs29       ,Tcs 196,Tcs    ,Tcs16  ,MANAGEMENT,SeniorHR
Tcs10       ,Tcs 197,Tcs    ,Tcs23  ,TESTING,HR     
Tcs14       ,Tcs 198,Tcs    ,Tcs12  ,MANAGEMENT,QA     
Tcs24       ,Tcs 199,Tcs    ,Tcs18  ,QA     ,Junior 
Tcs24       ,Tcs 200,Tcs    ,Tcs22  ,QA     ,HR     
Tcs29       ,Tcs 1  ,Tcs    ,Tcs29  ,QA     ,HR     
